[
  {
    "filename":"legal-notices.adoc",
    "extension":".adoc",
    "num_words":46,
    "h1_count":1,
    "h2_count":0,
    "h3_count":0,
    "links":0,
    "total_lines":20,
    "code_lines":0,
    "size_bytes":516,
    "depth":0,
    "directory":".",
    "internal_links":0,
    "external_links":0
  },
  {
    "filename":"project.yml",
    "extension":".yml",
    "num_words":83,
    "h1_count":0,
    "h2_count":0,
    "h3_count":0,
    "links":0,
    "total_lines":36,
    "code_lines":1,
    "size_bytes":745,
    "depth":0,
    "directory":".",
    "internal_links":0,
    "external_links":0
  },
  {
    "filename":"README.md",
    "extension":".md",
    "num_words":75,
    "h1_count":1,
    "h2_count":0,
    "h3_count":0,
    "links":1,
    "total_lines":8,
    "code_lines":0,
    "size_bytes":557,
    "depth":0,
    "directory":".",
    "internal_links":0,
    "external_links":1
  },
  {
    "filename":"_index.yml",
    "extension":".yml",
    "num_words":377,
    "h1_count":0,
    "h2_count":0,
    "h3_count":0,
    "links":0,
    "total_lines":80,
    "code_lines":1,
    "size_bytes":3463,
    "depth":0,
    "directory":".",
    "internal_links":0,
    "external_links":0
  },
  {
    "filename":"sidebar.yml",
    "extension":".yml",
    "num_words":1158,
    "h1_count":0,
    "h2_count":0,
    "h3_count":0,
    "links":0,
    "total_lines":324,
    "code_lines":1,
    "size_bytes":13142,
    "depth":1,
    "directory":"api-cm",
    "internal_links":0,
    "external_links":0
  },
  {
    "filename":"audit-x-doc.json",
    "extension":".json",
    "num_words":65,
    "h1_count":0,
    "h2_count":0,
    "h3_count":0,
    "links":0,
    "total_lines":35,
    "code_lines":1,
    "size_bytes":864,
    "depth":1,
    "directory":"audit",
    "internal_links":0,
    "external_links":0
  },
  {
    "filename":"audit.json",
    "extension":".json",
    "num_words":1322,
    "h1_count":0,
    "h2_count":0,
    "h3_count":0,
    "links":0,
    "total_lines":449,
    "code_lines":1,
    "size_bytes":18934,
    "depth":1,
    "directory":"audit",
    "internal_links":0,
    "external_links":0
  },
  {
    "filename":"sidebar.yml",
    "extension":".yml",
    "num_words":8,
    "h1_count":0,
    "h2_count":0,
    "h3_count":0,
    "links":0,
    "total_lines":5,
    "code_lines":1,
    "size_bytes":91,
    "depth":1,
    "directory":"audit",
    "internal_links":0,
    "external_links":0
  },
  {
    "filename":"blogs.adoc",
    "extension":".adoc",
    "num_words":112,
    "h1_count":1,
    "h2_count":0,
    "h3_count":0,
    "links":0,
    "total_lines":38,
    "code_lines":0,
    "size_bytes":1681,
    "depth":1,
    "directory":"automate",
    "internal_links":0,
    "external_links":0
  },
  {
    "filename":"overview.adoc",
    "extension":".adoc",
    "num_words":162,
    "h1_count":1,
    "h2_count":2,
    "h3_count":0,
    "links":0,
    "total_lines":32,
    "code_lines":0,
    "size_bytes":1420,
    "depth":1,
    "directory":"automate",
    "internal_links":0,
    "external_links":0
  },
  {
    "filename":"sidebar.yml",
    "extension":".yml",
    "num_words":19,
    "h1_count":0,
    "h2_count":0,
    "h3_count":0,
    "links":0,
    "total_lines":9,
    "code_lines":1,
    "size_bytes":212,
    "depth":1,
    "directory":"automate",
    "internal_links":0,
    "external_links":0
  },
  {
    "filename":"cbs-x-doc.json",
    "extension":".json",
    "num_words":1723,
    "h1_count":0,
    "h2_count":0,
    "h3_count":0,
    "links":0,
    "total_lines":831,
    "code_lines":1,
    "size_bytes":32029,
    "depth":1,
    "directory":"cbs",
    "internal_links":0,
    "external_links":0
  },
  {
    "filename":"cbs.json",
    "extension":".json",
    "num_words":21130,
    "h1_count":0,
    "h2_count":0,
    "h3_count":0,
    "links":0,
    "total_lines":8218,
    "code_lines":1,
    "size_bytes":309201,
    "depth":1,
    "directory":"cbs",
    "internal_links":0,
    "external_links":0
  },
  {
    "filename":"sidebar.yml",
    "extension":".yml",
    "num_words":10,
    "h1_count":0,
    "h2_count":0,
    "h3_count":0,
    "links":0,
    "total_lines":5,
    "code_lines":1,
    "size_bytes":101,
    "depth":1,
    "directory":"cbs",
    "internal_links":0,
    "external_links":0
  },
  {
    "filename":"api_reference.adoc",
    "extension":".adoc",
    "num_words":97,
    "h1_count":1,
    "h2_count":0,
    "h3_count":0,
    "links":0,
    "total_lines":18,
    "code_lines":0,
    "size_bytes":733,
    "depth":1,
    "directory":"cm",
    "internal_links":0,
    "external_links":0
  },
  {
    "filename":"api_ref_definitions.adoc",
    "extension":".adoc",
    "num_words":8314,
    "h1_count":1,
    "h2_count":1,
    "h3_count":449,
    "links":467,
    "total_lines":5071,
    "code_lines":0,
    "size_bytes":150885,
    "depth":1,
    "directory":"cm",
    "internal_links":467,
    "external_links":0
  },
  {
    "filename":"api_ref_resources.adoc",
    "extension":".adoc",
    "num_words":31207,
    "h1_count":1,
    "h2_count":1,
    "h3_count":61,
    "links":0,
    "total_lines":18715,
    "code_lines":791,
    "size_bytes":442130,
    "depth":1,
    "directory":"cm",
    "internal_links":0,
    "external_links":0
  },
  {
    "filename":"cvo_deployment.adoc",
    "extension":".adoc",
    "num_words":89,
    "h1_count":1,
    "h2_count":0,
    "h3_count":0,
    "links":0,
    "total_lines":20,
    "code_lines":0,
    "size_bytes":701,
    "depth":1,
    "directory":"cm",
    "internal_links":0,
    "external_links":0
  },
  {
    "filename":"overview.adoc",
    "extension":".adoc",
    "num_words":419,
    "h1_count":1,
    "h2_count":4,
    "h3_count":0,
    "links":0,
    "total_lines":57,
    "code_lines":0,
    "size_bytes":3152,
    "depth":1,
    "directory":"cm",
    "internal_links":0,
    "external_links":0
  },
  {
    "filename":"prepare.adoc",
    "extension":".adoc",
    "num_words":320,
    "h1_count":1,
    "h2_count":0,
    "h3_count":0,
    "links":1,
    "total_lines":45,
    "code_lines":0,
    "size_bytes":2512,
    "depth":1,
    "directory":"cm",
    "internal_links":0,
    "external_links":1
  },
  {
    "filename":"security.adoc",
    "extension":".adoc",
    "num_words":221,
    "h1_count":1,
    "h2_count":0,
    "h3_count":0,
    "links":0,
    "total_lines":35,
    "code_lines":0,
    "size_bytes":1770,
    "depth":1,
    "directory":"cm",
    "internal_links":0,
    "external_links":0
  },
  {
    "filename":"sidebar.yml",
    "extension":".yml",
    "num_words":20,
    "h1_count":0,
    "h2_count":0,
    "h3_count":0,
    "links":0,
    "total_lines":10,
    "code_lines":1,
    "size_bytes":232,
    "depth":1,
    "directory":"cm",
    "internal_links":0,
    "external_links":0
  },
  {
    "filename":"wf_aws_cloud_add_capacity.adoc",
    "extension":".adoc",
    "num_words":478,
    "h1_count":1,
    "h2_count":2,
    "h3_count":8,
    "links":2,
    "total_lines":128,
    "code_lines":0,
    "size_bytes":4024,
    "depth":1,
    "directory":"cm",
    "internal_links":2,
    "external_links":0
  },
  {
    "filename":"wf_aws_cloud_create_we_byol.adoc",
    "extension":".adoc",
    "num_words":1606,
    "h1_count":1,
    "h2_count":2,
    "h3_count":18,
    "links":2,
    "total_lines":434,
    "code_lines":2,
    "size_bytes":16026,
    "depth":1,
    "directory":"cm",
    "internal_links":2,
    "external_links":0
  },
  {
    "filename":"wf_aws_cloud_create_we_capacity.adoc",
    "extension":".adoc",
    "num_words":2220,
    "h1_count":1,
    "h2_count":2,
    "h3_count":25,
    "links":7,
    "total_lines":511,
    "code_lines":2,
    "size_bytes":20525,
    "depth":1,
    "directory":"cm",
    "internal_links":2,
    "external_links":5
  },
  {
    "filename":"wf_aws_cloud_create_we_paygo.adoc",
    "extension":".adoc",
    "num_words":2080,
    "h1_count":1,
    "h2_count":2,
    "h3_count":21,
    "links":2,
    "total_lines":540,
    "code_lines":2,
    "size_bytes":19325,
    "depth":1,
    "directory":"cm",
    "internal_links":2,
    "external_links":0
  },
  {
    "filename":"wf_aws_cloud_delete_we.adoc",
    "extension":".adoc",
    "num_words":514,
    "h1_count":1,
    "h2_count":2,
    "h3_count":4,
    "links":2,
    "total_lines":125,
    "code_lines":0,
    "size_bytes":4188,
    "depth":1,
    "directory":"cm",
    "internal_links":2,
    "external_links":0
  },
  {
    "filename":"wf_aws_cloud_get_wes.adoc",
    "extension":".adoc",
    "num_words":748,
    "h1_count":1,
    "h2_count":2,
    "h3_count":2,
    "links":3,
    "total_lines":278,
    "code_lines":2,
    "size_bytes":8516,
    "depth":1,
    "directory":"cm",
    "internal_links":3,
    "external_links":0
  },
  {
    "filename":"wf_aws_cloud_md_create_account.adoc",
    "extension":".adoc",
    "num_words":212,
    "h1_count":1,
    "h2_count":2,
    "h3_count":0,
    "links":0,
    "total_lines":82,
    "code_lines":1,
    "size_bytes":1994,
    "depth":1,
    "directory":"cm",
    "internal_links":0,
    "external_links":0
  },
  {
    "filename":"wf_aws_cloud_md_get_ebs_vol_types.adoc",
    "extension":".adoc",
    "num_words":642,
    "h1_count":1,
    "h2_count":2,
    "h3_count":0,
    "links":2,
    "total_lines":239,
    "code_lines":2,
    "size_bytes":6716,
    "depth":1,
    "directory":"cm",
    "internal_links":2,
    "external_links":0
  },
  {
    "filename":"wf_aws_cloud_md_get_key_pairs.adoc",
    "extension":".adoc",
    "num_words":525,
    "h1_count":1,
    "h2_count":2,
    "h3_count":4,
    "links":2,
    "total_lines":142,
    "code_lines":2,
    "size_bytes":4150,
    "depth":1,
    "directory":"cm",
    "internal_links":2,
    "external_links":0
  },
  {
    "filename":"wf_aws_cloud_md_get_packages.adoc",
    "extension":".adoc",
    "num_words":419,
    "h1_count":1,
    "h2_count":2,
    "h3_count":0,
    "links":2,
    "total_lines":171,
    "code_lines":2,
    "size_bytes":4532,
    "depth":1,
    "directory":"cm",
    "internal_links":2,
    "external_links":0
  },
  {
    "filename":"wf_aws_cloud_md_get_permutations.adoc",
    "extension":".adoc",
    "num_words":739,
    "h1_count":1,
    "h2_count":2,
    "h3_count":0,
    "links":2,
    "total_lines":226,
    "code_lines":2,
    "size_bytes":7197,
    "depth":1,
    "directory":"cm",
    "internal_links":2,
    "external_links":0
  },
  {
    "filename":"wf_aws_cloud_md_get_regions.adoc",
    "extension":".adoc",
    "num_words":341,
    "h1_count":1,
    "h2_count":2,
    "h3_count":0,
    "links":2,
    "total_lines":131,
    "code_lines":2,
    "size_bytes":3059,
    "depth":1,
    "directory":"cm",
    "internal_links":2,
    "external_links":0
  },
  {
    "filename":"wf_aws_cloud_md_get_route_tables.adoc",
    "extension":".adoc",
    "num_words":424,
    "h1_count":1,
    "h2_count":3,
    "h3_count":0,
    "links":0,
    "total_lines":157,
    "code_lines":1,
    "size_bytes":4011,
    "depth":1,
    "directory":"cm",
    "internal_links":0,
    "external_links":0
  },
  {
    "filename":"wf_aws_cloud_md_get_vpcs.adoc",
    "extension":".adoc",
    "num_words":783,
    "h1_count":1,
    "h2_count":2,
    "h3_count":4,
    "links":2,
    "total_lines":309,
    "code_lines":2,
    "size_bytes":9264,
    "depth":1,
    "directory":"cm",
    "internal_links":2,
    "external_links":0
  },
  {
    "filename":"wf_aws_ontap_add_disks_aggr.adoc",
    "extension":".adoc",
    "num_words":397,
    "h1_count":1,
    "h2_count":2,
    "h3_count":6,
    "links":2,
    "total_lines":125,
    "code_lines":0,
    "size_bytes":3585,
    "depth":1,
    "directory":"cm",
    "internal_links":2,
    "external_links":0
  },
  {
    "filename":"wf_aws_ontap_create_aggr.adoc",
    "extension":".adoc",
    "num_words":577,
    "h1_count":1,
    "h2_count":2,
    "h3_count":4,
    "links":2,
    "total_lines":196,
    "code_lines":0,
    "size_bytes":4996,
    "depth":1,
    "directory":"cm",
    "internal_links":2,
    "external_links":0
  },
  {
    "filename":"wf_aws_ontap_create_cifs.adoc",
    "extension":".adoc",
    "num_words":1075,
    "h1_count":1,
    "h2_count":2,
    "h3_count":4,
    "links":8,
    "total_lines":334,
    "code_lines":0,
    "size_bytes":9782,
    "depth":1,
    "directory":"cm",
    "internal_links":6,
    "external_links":2
  },
  {
    "filename":"wf_aws_ontap_create_quote.adoc",
    "extension":".adoc",
    "num_words":597,
    "h1_count":1,
    "h2_count":2,
    "h3_count":8,
    "links":2,
    "total_lines":181,
    "code_lines":2,
    "size_bytes":5339,
    "depth":1,
    "directory":"cm",
    "internal_links":2,
    "external_links":0
  },
  {
    "filename":"wf_aws_ontap_create_vol_cifs.adoc",
    "extension":".adoc",
    "num_words":1101,
    "h1_count":1,
    "h2_count":2,
    "h3_count":12,
    "links":2,
    "total_lines":252,
    "code_lines":0,
    "size_bytes":9810,
    "depth":1,
    "directory":"cm",
    "internal_links":2,
    "external_links":0
  },
  {
    "filename":"wf_aws_ontap_create_vol_iscsi.adoc",
    "extension":".adoc",
    "num_words":1859,
    "h1_count":1,
    "h2_count":2,
    "h3_count":4,
    "links":6,
    "total_lines":465,
    "code_lines":0,
    "size_bytes":16239,
    "depth":1,
    "directory":"cm",
    "internal_links":6,
    "external_links":0
  },
  {
    "filename":"wf_aws_ontap_create_vol_nfs.adoc",
    "extension":".adoc",
    "num_words":1129,
    "h1_count":1,
    "h2_count":2,
    "h3_count":14,
    "links":2,
    "total_lines":289,
    "code_lines":0,
    "size_bytes":10128,
    "depth":1,
    "directory":"cm",
    "internal_links":2,
    "external_links":0
  },
  {
    "filename":"wf_aws_ontap_delete_aggr.adoc",
    "extension":".adoc",
    "num_words":412,
    "h1_count":1,
    "h2_count":2,
    "h3_count":6,
    "links":2,
    "total_lines":131,
    "code_lines":0,
    "size_bytes":3839,
    "depth":1,
    "directory":"cm",
    "internal_links":2,
    "external_links":0
  },
  {
    "filename":"wf_aws_ontap_delete_cifs.adoc",
    "extension":".adoc",
    "num_words":420,
    "h1_count":1,
    "h2_count":2,
    "h3_count":4,
    "links":2,
    "total_lines":138,
    "code_lines":0,
    "size_bytes":3912,
    "depth":1,
    "directory":"cm",
    "internal_links":2,
    "external_links":0
  },
  {
    "filename":"wf_aws_ontap_delete_volume.adoc",
    "extension":".adoc",
    "num_words":434,
    "h1_count":1,
    "h2_count":2,
    "h3_count":6,
    "links":2,
    "total_lines":136,
    "code_lines":0,
    "size_bytes":4012,
    "depth":1,
    "directory":"cm",
    "internal_links":2,
    "external_links":0
  },
  {
    "filename":"wf_aws_ontap_get_aggrs.adoc",
    "extension":".adoc",
    "num_words":1302,
    "h1_count":1,
    "h2_count":2,
    "h3_count":4,
    "links":2,
    "total_lines":642,
    "code_lines":2,
    "size_bytes":19031,
    "depth":1,
    "directory":"cm",
    "internal_links":2,
    "external_links":0
  },
  {
    "filename":"wf_aws_ontap_get_cifs.adoc",
    "extension":".adoc",
    "num_words":484,
    "h1_count":1,
    "h2_count":2,
    "h3_count":4,
    "links":2,
    "total_lines":155,
    "code_lines":2,
    "size_bytes":4508,
    "depth":1,
    "directory":"cm",
    "internal_links":2,
    "external_links":0
  },
  {
    "filename":"wf_aws_ontap_get_igroups.adoc",
    "extension":".adoc",
    "num_words":499,
    "h1_count":1,
    "h2_count":2,
    "h3_count":4,
    "links":2,
    "total_lines":172,
    "code_lines":2,
    "size_bytes":4625,
    "depth":1,
    "directory":"cm",
    "internal_links":2,
    "external_links":0
  },
  {
    "filename":"wf_aws_ontap_get_volumes.adoc",
    "extension":".adoc",
    "num_words":698,
    "h1_count":1,
    "h2_count":2,
    "h3_count":4,
    "links":2,
    "total_lines":299,
    "code_lines":2,
    "size_bytes":8590,
    "depth":1,
    "directory":"cm",
    "internal_links":2,
    "external_links":0
  },
  {
    "filename":"wf_aws_ontap_modify_volume.adoc",
    "extension":".adoc",
    "num_words":642,
    "h1_count":1,
    "h2_count":2,
    "h3_count":6,
    "links":2,
    "total_lines":219,
    "code_lines":0,
    "size_bytes":5758,
    "depth":1,
    "directory":"cm",
    "internal_links":2,
    "external_links":0
  },
  {
    "filename":"wf_azuregcp_ontap_create_aggr.adoc",
    "extension":".adoc",
    "num_words":266,
    "h1_count":1,
    "h2_count":3,
    "h3_count":0,
    "links":0,
    "total_lines":78,
    "code_lines":0,
    "size_bytes":2229,
    "depth":1,
    "directory":"cm",
    "internal_links":0,
    "external_links":0
  },
  {
    "filename":"wf_azure_cloud_create_we_byol.adoc",
    "extension":".adoc",
    "num_words":1572,
    "h1_count":1,
    "h2_count":2,
    "h3_count":19,
    "links":2,
    "total_lines":338,
    "code_lines":0,
    "size_bytes":14824,
    "depth":1,
    "directory":"cm",
    "internal_links":2,
    "external_links":0
  },
  {
    "filename":"wf_azure_cloud_create_we_capacity.adoc",
    "extension":".adoc",
    "num_words":1812,
    "h1_count":1,
    "h2_count":2,
    "h3_count":25,
    "links":5,
    "total_lines":406,
    "code_lines":2,
    "size_bytes":18075,
    "depth":1,
    "directory":"cm",
    "internal_links":2,
    "external_links":3
  },
  {
    "filename":"wf_azure_cloud_create_we_paygo.adoc",
    "extension":".adoc",
    "num_words":1543,
    "h1_count":1,
    "h2_count":2,
    "h3_count":21,
    "links":2,
    "total_lines":380,
    "code_lines":2,
    "size_bytes":15811,
    "depth":1,
    "directory":"cm",
    "internal_links":2,
    "external_links":0
  },
  {
    "filename":"wf_azure_cloud_delete_we.adoc",
    "extension":".adoc",
    "num_words":444,
    "h1_count":1,
    "h2_count":2,
    "h3_count":4,
    "links":2,
    "total_lines":123,
    "code_lines":0,
    "size_bytes":3815,
    "depth":1,
    "directory":"cm",
    "internal_links":2,
    "external_links":0
  },
  {
    "filename":"wf_azure_cloud_get_wes.adoc",
    "extension":".adoc",
    "num_words":2066,
    "h1_count":1,
    "h2_count":2,
    "h3_count":4,
    "links":2,
    "total_lines":1062,
    "code_lines":2,
    "size_bytes":34967,
    "depth":1,
    "directory":"cm",
    "internal_links":2,
    "external_links":0
  },
  {
    "filename":"wf_azure_cloud_md_create_account.adoc",
    "extension":".adoc",
    "num_words":183,
    "h1_count":1,
    "h2_count":0,
    "h3_count":0,
    "links":0,
    "total_lines":79,
    "code_lines":1,
    "size_bytes":1911,
    "depth":1,
    "directory":"cm",
    "internal_links":0,
    "external_links":0
  },
  {
    "filename":"wf_azure_cloud_md_get_availability_zones.adoc",
    "extension":".adoc",
    "num_words":164,
    "h1_count":1,
    "h2_count":0,
    "h3_count":0,
    "links":0,
    "total_lines":65,
    "code_lines":1,
    "size_bytes":1550,
    "depth":1,
    "directory":"cm",
    "internal_links":0,
    "external_links":0
  },
  {
    "filename":"wf_azure_cloud_md_get_packages.adoc",
    "extension":".adoc",
    "num_words":565,
    "h1_count":1,
    "h2_count":2,
    "h3_count":0,
    "links":2,
    "total_lines":260,
    "code_lines":2,
    "size_bytes":7004,
    "depth":1,
    "directory":"cm",
    "internal_links":2,
    "external_links":0
  },
  {
    "filename":"wf_azure_cloud_md_get_permutations.adoc",
    "extension":".adoc",
    "num_words":691,
    "h1_count":1,
    "h2_count":2,
    "h3_count":0,
    "links":2,
    "total_lines":243,
    "code_lines":2,
    "size_bytes":7369,
    "depth":1,
    "directory":"cm",
    "internal_links":2,
    "external_links":0
  },
  {
    "filename":"wf_azure_cloud_md_get_regions.adoc",
    "extension":".adoc",
    "num_words":407,
    "h1_count":1,
    "h2_count":2,
    "h3_count":0,
    "links":2,
    "total_lines":157,
    "code_lines":2,
    "size_bytes":3625,
    "depth":1,
    "directory":"cm",
    "internal_links":2,
    "external_links":0
  },
  {
    "filename":"wf_azure_cloud_md_get_storage_account_types.adoc",
    "extension":".adoc",
    "num_words":5168,
    "h1_count":1,
    "h2_count":2,
    "h3_count":1,
    "links":2,
    "total_lines":485,
    "code_lines":1,
    "size_bytes":47058,
    "depth":1,
    "directory":"cm",
    "internal_links":2,
    "external_links":0
  },
  {
    "filename":"wf_azure_cloud_md_get_vnets.adoc",
    "extension":".adoc",
    "num_words":615,
    "h1_count":1,
    "h2_count":2,
    "h3_count":0,
    "links":2,
    "total_lines":286,
    "code_lines":2,
    "size_bytes":11686,
    "depth":1,
    "directory":"cm",
    "internal_links":2,
    "external_links":0
  },
  {
    "filename":"wf_azure_ontap_add_disks_aggr.adoc",
    "extension":".adoc",
    "num_words":453,
    "h1_count":1,
    "h2_count":2,
    "h3_count":6,
    "links":2,
    "total_lines":135,
    "code_lines":0,
    "size_bytes":4015,
    "depth":1,
    "directory":"cm",
    "internal_links":2,
    "external_links":0
  },
  {
    "filename":"wf_azure_ontap_create_aggr.adoc",
    "extension":".adoc",
    "num_words":551,
    "h1_count":1,
    "h2_count":2,
    "h3_count":6,
    "links":2,
    "total_lines":148,
    "code_lines":0,
    "size_bytes":4671,
    "depth":1,
    "directory":"cm",
    "internal_links":2,
    "external_links":0
  },
  {
    "filename":"wf_azure_ontap_create_cifs.adoc",
    "extension":".adoc",
    "num_words":917,
    "h1_count":1,
    "h2_count":2,
    "h3_count":4,
    "links":8,
    "total_lines":254,
    "code_lines":0,
    "size_bytes":8561,
    "depth":1,
    "directory":"cm",
    "internal_links":6,
    "external_links":2
  },
  {
    "filename":"wf_azure_ontap_create_quote.adoc",
    "extension":".adoc",
    "num_words":476,
    "h1_count":1,
    "h2_count":2,
    "h3_count":4,
    "links":2,
    "total_lines":164,
    "code_lines":0,
    "size_bytes":4548,
    "depth":1,
    "directory":"cm",
    "internal_links":2,
    "external_links":0
  },
  {
    "filename":"wf_azure_ontap_create_vol_cifs.adoc",
    "extension":".adoc",
    "num_words":930,
    "h1_count":1,
    "h2_count":2,
    "h3_count":12,
    "links":2,
    "total_lines":213,
    "code_lines":0,
    "size_bytes":8512,
    "depth":1,
    "directory":"cm",
    "internal_links":2,
    "external_links":0
  },
  {
    "filename":"wf_azure_ontap_create_vol_iscsi.adoc",
    "extension":".adoc",
    "num_words":1607,
    "h1_count":1,
    "h2_count":2,
    "h3_count":4,
    "links":6,
    "total_lines":389,
    "code_lines":0,
    "size_bytes":14287,
    "depth":1,
    "directory":"cm",
    "internal_links":6,
    "external_links":0
  },
  {
    "filename":"wf_azure_ontap_create_vol_nfs.adoc",
    "extension":".adoc",
    "num_words":583,
    "h1_count":1,
    "h2_count":2,
    "h3_count":8,
    "links":2,
    "total_lines":183,
    "code_lines":0,
    "size_bytes":5848,
    "depth":1,
    "directory":"cm",
    "internal_links":2,
    "external_links":0
  },
  {
    "filename":"wf_azure_ontap_delete_aggr.adoc",
    "extension":".adoc",
    "num_words":507,
    "h1_count":1,
    "h2_count":3,
    "h3_count":9,
    "links":2,
    "total_lines":151,
    "code_lines":0,
    "size_bytes":4943,
    "depth":1,
    "directory":"cm",
    "internal_links":2,
    "external_links":0
  },
  {
    "filename":"wf_azure_ontap_delete_cifs.adoc",
    "extension":".adoc",
    "num_words":315,
    "h1_count":1,
    "h2_count":2,
    "h3_count":4,
    "links":2,
    "total_lines":97,
    "code_lines":0,
    "size_bytes":3130,
    "depth":1,
    "directory":"cm",
    "internal_links":2,
    "external_links":0
  },
  {
    "filename":"wf_azure_ontap_delete_volume.adoc",
    "extension":".adoc",
    "num_words":334,
    "h1_count":1,
    "h2_count":2,
    "h3_count":6,
    "links":2,
    "total_lines":100,
    "code_lines":0,
    "size_bytes":3251,
    "depth":1,
    "directory":"cm",
    "internal_links":2,
    "external_links":0
  },
  {
    "filename":"wf_azure_ontap_get_aggrs.adoc",
    "extension":".adoc",
    "num_words":934,
    "h1_count":1,
    "h2_count":2,
    "h3_count":4,
    "links":2,
    "total_lines":417,
    "code_lines":0,
    "size_bytes":13746,
    "depth":1,
    "directory":"cm",
    "internal_links":2,
    "external_links":0
  },
  {
    "filename":"wf_azure_ontap_get_cifs.adoc",
    "extension":".adoc",
    "num_words":374,
    "h1_count":1,
    "h2_count":2,
    "h3_count":4,
    "links":2,
    "total_lines":114,
    "code_lines":0,
    "size_bytes":3795,
    "depth":1,
    "directory":"cm",
    "internal_links":2,
    "external_links":0
  },
  {
    "filename":"wf_azure_ontap_get_igroups.adoc",
    "extension":".adoc",
    "num_words":388,
    "h1_count":1,
    "h2_count":2,
    "h3_count":4,
    "links":2,
    "total_lines":129,
    "code_lines":0,
    "size_bytes":3999,
    "depth":1,
    "directory":"cm",
    "internal_links":2,
    "external_links":0
  },
  {
    "filename":"wf_azure_ontap_get_volumes.adoc",
    "extension":".adoc",
    "num_words":744,
    "h1_count":1,
    "h2_count":2,
    "h3_count":4,
    "links":2,
    "total_lines":342,
    "code_lines":0,
    "size_bytes":10370,
    "depth":1,
    "directory":"cm",
    "internal_links":2,
    "external_links":0
  },
  {
    "filename":"wf_azure_ontap_modify_volume.adoc",
    "extension":".adoc",
    "num_words":645,
    "h1_count":1,
    "h2_count":2,
    "h3_count":6,
    "links":2,
    "total_lines":220,
    "code_lines":0,
    "size_bytes":6112,
    "depth":1,
    "directory":"cm",
    "internal_links":2,
    "external_links":0
  },
  {
    "filename":"wf_common_before.adoc",
    "extension":".adoc",
    "num_words":332,
    "h1_count":1,
    "h2_count":2,
    "h3_count":0,
    "links":0,
    "total_lines":47,
    "code_lines":0,
    "size_bytes":2327,
    "depth":1,
    "directory":"cm",
    "internal_links":0,
    "external_links":0
  },
  {
    "filename":"wf_common_identity_create_nss_key.adoc",
    "extension":".adoc",
    "num_words":196,
    "h1_count":1,
    "h2_count":2,
    "h3_count":0,
    "links":0,
    "total_lines":79,
    "code_lines":1,
    "size_bytes":1687,
    "depth":1,
    "directory":"cm",
    "internal_links":0,
    "external_links":0
  },
  {
    "filename":"wf_common_identity_delete_nss_key.adoc",
    "extension":".adoc",
    "num_words":194,
    "h1_count":1,
    "h2_count":3,
    "h3_count":0,
    "links":0,
    "total_lines":69,
    "code_lines":0,
    "size_bytes":1685,
    "depth":1,
    "directory":"cm",
    "internal_links":0,
    "external_links":0
  },
  {
    "filename":"wf_common_identity_get_accounts.adoc",
    "extension":".adoc",
    "num_words":190,
    "h1_count":1,
    "h2_count":0,
    "h3_count":0,
    "links":0,
    "total_lines":84,
    "code_lines":1,
    "size_bytes":2050,
    "depth":1,
    "directory":"cm",
    "internal_links":0,
    "external_links":0
  },
  {
    "filename":"wf_common_identity_get_nss_key.adoc",
    "extension":".adoc",
    "num_words":231,
    "h1_count":1,
    "h2_count":3,
    "h3_count":0,
    "links":0,
    "total_lines":80,
    "code_lines":1,
    "size_bytes":1997,
    "depth":1,
    "directory":"cm",
    "internal_links":0,
    "external_links":0
  },
  {
    "filename":"wf_common_identity_get_nss_keys.adoc",
    "extension":".adoc",
    "num_words":217,
    "h1_count":1,
    "h2_count":2,
    "h3_count":0,
    "links":0,
    "total_lines":83,
    "code_lines":1,
    "size_bytes":2057,
    "depth":1,
    "directory":"cm",
    "internal_links":0,
    "external_links":0
  },
  {
    "filename":"wf_common_identity_get_provider_accounts.adoc",
    "extension":".adoc",
    "num_words":169,
    "h1_count":1,
    "h2_count":0,
    "h3_count":0,
    "links":0,
    "total_lines":70,
    "code_lines":1,
    "size_bytes":1851,
    "depth":1,
    "directory":"cm",
    "internal_links":0,
    "external_links":0
  },
  {
    "filename":"wf_common_identity_get_saas_mp.adoc",
    "extension":".adoc",
    "num_words":276,
    "h1_count":1,
    "h2_count":0,
    "h3_count":0,
    "links":0,
    "total_lines":96,
    "code_lines":1,
    "size_bytes":2751,
    "depth":1,
    "directory":"cm",
    "internal_links":0,
    "external_links":0
  },
  {
    "filename":"wf_common_identity_get_supported_srv.adoc",
    "extension":".adoc",
    "num_words":416,
    "h1_count":1,
    "h2_count":0,
    "h3_count":0,
    "links":0,
    "total_lines":179,
    "code_lines":1,
    "size_bytes":6682,
    "depth":1,
    "directory":"cm",
    "internal_links":0,
    "external_links":0
  },
  {
    "filename":"wf_common_identity_get_tenants.adoc",
    "extension":".adoc",
    "num_words":201,
    "h1_count":1,
    "h2_count":2,
    "h3_count":0,
    "links":0,
    "total_lines":67,
    "code_lines":1,
    "size_bytes":1744,
    "depth":1,
    "directory":"cm",
    "internal_links":0,
    "external_links":0
  },
  {
    "filename":"wf_common_occm_attach_subscription.adoc",
    "extension":".adoc",
    "num_words":218,
    "h1_count":1,
    "h2_count":4,
    "h3_count":0,
    "links":0,
    "total_lines":69,
    "code_lines":0,
    "size_bytes":1962,
    "depth":1,
    "directory":"cm",
    "internal_links":0,
    "external_links":0
  },
  {
    "filename":"wf_common_occm_get_task.adoc",
    "extension":".adoc",
    "num_words":289,
    "h1_count":1,
    "h2_count":2,
    "h3_count":0,
    "links":0,
    "total_lines":76,
    "code_lines":1,
    "size_bytes":2201,
    "depth":1,
    "directory":"cm",
    "internal_links":0,
    "external_links":0
  },
  {
    "filename":"wf_common_ontap_md_get_snapmirror_policies.adoc",
    "extension":".adoc",
    "num_words":370,
    "h1_count":1,
    "h2_count":2,
    "h3_count":0,
    "links":0,
    "total_lines":142,
    "code_lines":1,
    "size_bytes":4245,
    "depth":1,
    "directory":"cm",
    "internal_links":0,
    "external_links":0
  },
  {
    "filename":"wf_common_ontap_md_get_snapmirror_svm_policies.adoc",
    "extension":".adoc",
    "num_words":399,
    "h1_count":1,
    "h2_count":2,
    "h3_count":0,
    "links":0,
    "total_lines":142,
    "code_lines":1,
    "size_bytes":4510,
    "depth":1,
    "directory":"cm",
    "internal_links":0,
    "external_links":0
  },
  {
    "filename":"wf_common_ontap_repl_create_repl.adoc",
    "extension":".adoc",
    "num_words":575,
    "h1_count":1,
    "h2_count":7,
    "h3_count":0,
    "links":0,
    "total_lines":154,
    "code_lines":0,
    "size_bytes":5121,
    "depth":1,
    "directory":"cm",
    "internal_links":0,
    "external_links":0
  },
  {
    "filename":"wf_common_ontap_repl_delete_repl.adoc",
    "extension":".adoc",
    "num_words":183,
    "h1_count":1,
    "h2_count":2,
    "h3_count":0,
    "links":0,
    "total_lines":60,
    "code_lines":0,
    "size_bytes":1772,
    "depth":1,
    "directory":"cm",
    "internal_links":0,
    "external_links":0
  },
  {
    "filename":"wf_common_ontap_repl_get_ic_lifs.adoc",
    "extension":".adoc",
    "num_words":307,
    "h1_count":1,
    "h2_count":2,
    "h3_count":0,
    "links":0,
    "total_lines":107,
    "code_lines":1,
    "size_bytes":2931,
    "depth":1,
    "directory":"cm",
    "internal_links":0,
    "external_links":0
  },
  {
    "filename":"wf_common_ontap_repl_get_rel_status.adoc",
    "extension":".adoc",
    "num_words":368,
    "h1_count":1,
    "h2_count":2,
    "h3_count":0,
    "links":0,
    "total_lines":158,
    "code_lines":1,
    "size_bytes":4503,
    "depth":1,
    "directory":"cm",
    "internal_links":0,
    "external_links":0
  },
  {
    "filename":"wf_common_ontap_repl_get_rel_we_status.adoc",
    "extension":".adoc",
    "num_words":406,
    "h1_count":1,
    "h2_count":2,
    "h3_count":0,
    "links":0,
    "total_lines":158,
    "code_lines":1,
    "size_bytes":4890,
    "depth":1,
    "directory":"cm",
    "internal_links":0,
    "external_links":0
  },
  {
    "filename":"wf_common_ontap_repl_get_sm_rels.adoc",
    "extension":".adoc",
    "num_words":123,
    "h1_count":1,
    "h2_count":0,
    "h3_count":0,
    "links":0,
    "total_lines":63,
    "code_lines":1,
    "size_bytes":1291,
    "depth":1,
    "directory":"cm",
    "internal_links":0,
    "external_links":0
  },
  {
    "filename":"wf_common_ontap_repl_get_we_schedules.adoc",
    "extension":".adoc",
    "num_words":293,
    "h1_count":1,
    "h2_count":2,
    "h3_count":0,
    "links":0,
    "total_lines":119,
    "code_lines":1,
    "size_bytes":3032,
    "depth":1,
    "directory":"cm",
    "internal_links":0,
    "external_links":0
  },
  {
    "filename":"wf_common_ontap_repl_update_repl.adoc",
    "extension":".adoc",
    "num_words":169,
    "h1_count":1,
    "h2_count":2,
    "h3_count":0,
    "links":0,
    "total_lines":65,
    "code_lines":0,
    "size_bytes":1690,
    "depth":1,
    "directory":"cm",
    "internal_links":0,
    "external_links":0
  },
  {
    "filename":"wf_cvo_before.adoc",
    "extension":".adoc",
    "num_words":277,
    "h1_count":1,
    "h2_count":2,
    "h3_count":0,
    "links":2,
    "total_lines":44,
    "code_lines":0,
    "size_bytes":2104,
    "depth":1,
    "directory":"cm",
    "internal_links":0,
    "external_links":2
  },
  {
    "filename":"wf_gcp_cloud_create_we_byol.adoc",
    "extension":".adoc",
    "num_words":1241,
    "h1_count":1,
    "h2_count":2,
    "h3_count":16,
    "links":2,
    "total_lines":312,
    "code_lines":2,
    "size_bytes":12741,
    "depth":1,
    "directory":"cm",
    "internal_links":2,
    "external_links":0
  },
  {
    "filename":"wf_gcp_cloud_create_we_capacity.adoc",
    "extension":".adoc",
    "num_words":1546,
    "h1_count":1,
    "h2_count":2,
    "h3_count":23,
    "links":7,
    "total_lines":328,
    "code_lines":2,
    "size_bytes":15487,
    "depth":1,
    "directory":"cm",
    "internal_links":2,
    "external_links":5
  },
  {
    "filename":"wf_gcp_cloud_create_we_paygo.adoc",
    "extension":".adoc",
    "num_words":1298,
    "h1_count":1,
    "h2_count":2,
    "h3_count":17,
    "links":2,
    "total_lines":302,
    "code_lines":2,
    "size_bytes":13029,
    "depth":1,
    "directory":"cm",
    "internal_links":2,
    "external_links":0
  },
  {
    "filename":"wf_gcp_cloud_delete_we.adoc",
    "extension":".adoc",
    "num_words":410,
    "h1_count":1,
    "h2_count":2,
    "h3_count":4,
    "links":2,
    "total_lines":104,
    "code_lines":0,
    "size_bytes":3582,
    "depth":1,
    "directory":"cm",
    "internal_links":2,
    "external_links":0
  },
  {
    "filename":"wf_gcp_cloud_get_wes.adoc",
    "extension":".adoc",
    "num_words":620,
    "h1_count":1,
    "h2_count":2,
    "h3_count":2,
    "links":2,
    "total_lines":254,
    "code_lines":0,
    "size_bytes":8270,
    "depth":1,
    "directory":"cm",
    "internal_links":2,
    "external_links":0
  },
  {
    "filename":"wf_gcp_cloud_md_create_buckets.adoc",
    "extension":".adoc",
    "num_words":330,
    "h1_count":1,
    "h2_count":2,
    "h3_count":6,
    "links":2,
    "total_lines":98,
    "code_lines":0,
    "size_bytes":3070,
    "depth":1,
    "directory":"cm",
    "internal_links":2,
    "external_links":0
  },
  {
    "filename":"wf_gcp_cloud_md_get_buckets.adoc",
    "extension":".adoc",
    "num_words":278,
    "h1_count":1,
    "h2_count":2,
    "h3_count":2,
    "links":2,
    "total_lines":103,
    "code_lines":0,
    "size_bytes":2515,
    "depth":1,
    "directory":"cm",
    "internal_links":2,
    "external_links":0
  },
  {
    "filename":"wf_gcp_cloud_md_get_disk_types.adoc",
    "extension":".adoc",
    "num_words":415,
    "h1_count":1,
    "h2_count":2,
    "h3_count":2,
    "links":2,
    "total_lines":161,
    "code_lines":0,
    "size_bytes":4219,
    "depth":1,
    "directory":"cm",
    "internal_links":2,
    "external_links":0
  },
  {
    "filename":"wf_gcp_cloud_md_get_encryption_keys.adoc",
    "extension":".adoc",
    "num_words":424,
    "h1_count":1,
    "h2_count":2,
    "h3_count":6,
    "links":2,
    "total_lines":125,
    "code_lines":0,
    "size_bytes":4136,
    "depth":1,
    "directory":"cm",
    "internal_links":2,
    "external_links":0
  },
  {
    "filename":"wf_gcp_cloud_md_get_instance_type_nosupport.adoc",
    "extension":".adoc",
    "num_words":308,
    "h1_count":1,
    "h2_count":2,
    "h3_count":2,
    "links":2,
    "total_lines":87,
    "code_lines":0,
    "size_bytes":2746,
    "depth":1,
    "directory":"cm",
    "internal_links":2,
    "external_links":0
  },
  {
    "filename":"wf_gcp_cloud_md_get_network_requirements.adoc",
    "extension":".adoc",
    "num_words":265,
    "h1_count":1,
    "h2_count":2,
    "h3_count":2,
    "links":2,
    "total_lines":89,
    "code_lines":0,
    "size_bytes":2372,
    "depth":1,
    "directory":"cm",
    "internal_links":2,
    "external_links":0
  },
  {
    "filename":"wf_gcp_cloud_md_get_packages.adoc",
    "extension":".adoc",
    "num_words":557,
    "h1_count":1,
    "h2_count":2,
    "h3_count":2,
    "links":2,
    "total_lines":243,
    "code_lines":0,
    "size_bytes":6855,
    "depth":1,
    "directory":"cm",
    "internal_links":2,
    "external_links":0
  },
  {
    "filename":"wf_gcp_cloud_md_get_permutations.adoc",
    "extension":".adoc",
    "num_words":654,
    "h1_count":1,
    "h2_count":2,
    "h3_count":2,
    "links":2,
    "total_lines":225,
    "code_lines":0,
    "size_bytes":7074,
    "depth":1,
    "directory":"cm",
    "internal_links":2,
    "external_links":0
  },
  {
    "filename":"wf_gcp_cloud_md_get_projects.adoc",
    "extension":".adoc",
    "num_words":382,
    "h1_count":1,
    "h2_count":2,
    "h3_count":2,
    "links":2,
    "total_lines":165,
    "code_lines":0,
    "size_bytes":4708,
    "depth":1,
    "directory":"cm",
    "internal_links":2,
    "external_links":0
  },
  {
    "filename":"wf_gcp_cloud_md_get_regions.adoc",
    "extension":".adoc",
    "num_words":553,
    "h1_count":1,
    "h2_count":2,
    "h3_count":2,
    "links":2,
    "total_lines":284,
    "code_lines":0,
    "size_bytes":8274,
    "depth":1,
    "directory":"cm",
    "internal_links":2,
    "external_links":0
  },
  {
    "filename":"wf_gcp_cloud_md_get_service_accounts.adoc",
    "extension":".adoc",
    "num_words":331,
    "h1_count":1,
    "h2_count":2,
    "h3_count":0,
    "links":2,
    "total_lines":133,
    "code_lines":2,
    "size_bytes":3349,
    "depth":1,
    "directory":"cm",
    "internal_links":2,
    "external_links":0
  },
  {
    "filename":"wf_gcp_cloud_md_get_supported_features.adoc",
    "extension":".adoc",
    "num_words":418,
    "h1_count":1,
    "h2_count":2,
    "h3_count":4,
    "links":2,
    "total_lines":125,
    "code_lines":2,
    "size_bytes":4128,
    "depth":1,
    "directory":"cm",
    "internal_links":2,
    "external_links":0
  },
  {
    "filename":"wf_gcp_cloud_md_get_supported_tiers.adoc",
    "extension":".adoc",
    "num_words":517,
    "h1_count":1,
    "h2_count":2,
    "h3_count":4,
    "links":2,
    "total_lines":177,
    "code_lines":2,
    "size_bytes":5499,
    "depth":1,
    "directory":"cm",
    "internal_links":2,
    "external_links":0
  },
  {
    "filename":"wf_gcp_cloud_md_get_tag_keys.adoc",
    "extension":".adoc",
    "num_words":546,
    "h1_count":1,
    "h2_count":2,
    "h3_count":6,
    "links":2,
    "total_lines":223,
    "code_lines":2,
    "size_bytes":5638,
    "depth":1,
    "directory":"cm",
    "internal_links":2,
    "external_links":0
  },
  {
    "filename":"wf_gcp_cloud_md_get_vpcs.adoc",
    "extension":".adoc",
    "num_words":283,
    "h1_count":1,
    "h2_count":3,
    "h3_count":0,
    "links":0,
    "total_lines":110,
    "code_lines":1,
    "size_bytes":2989,
    "depth":1,
    "directory":"cm",
    "internal_links":0,
    "external_links":0
  },
  {
    "filename":"wf_gcp_cloud_md_get_zones.adoc",
    "extension":".adoc",
    "num_words":239,
    "h1_count":1,
    "h2_count":2,
    "h3_count":0,
    "links":0,
    "total_lines":98,
    "code_lines":1,
    "size_bytes":2341,
    "depth":1,
    "directory":"cm",
    "internal_links":0,
    "external_links":0
  },
  {
    "filename":"wf_gcp_cloud_md_snapshot_policies.adoc",
    "extension":".adoc",
    "num_words":373,
    "h1_count":1,
    "h2_count":2,
    "h3_count":0,
    "links":2,
    "total_lines":145,
    "code_lines":2,
    "size_bytes":3597,
    "depth":1,
    "directory":"cm",
    "internal_links":2,
    "external_links":0
  },
  {
    "filename":"wf_gcp_ontap_add_disks_aggr.adoc",
    "extension":".adoc",
    "num_words":377,
    "h1_count":1,
    "h2_count":2,
    "h3_count":6,
    "links":2,
    "total_lines":111,
    "code_lines":0,
    "size_bytes":3348,
    "depth":1,
    "directory":"cm",
    "internal_links":2,
    "external_links":0
  },
  {
    "filename":"wf_gcp_ontap_create_aggr.adoc",
    "extension":".adoc",
    "num_words":381,
    "h1_count":1,
    "h2_count":2,
    "h3_count":6,
    "links":2,
    "total_lines":118,
    "code_lines":0,
    "size_bytes":3600,
    "depth":1,
    "directory":"cm",
    "internal_links":2,
    "external_links":0
  },
  {
    "filename":"wf_gcp_ontap_create_cifs.adoc",
    "extension":".adoc",
    "num_words":907,
    "h1_count":1,
    "h2_count":2,
    "h3_count":4,
    "links":8,
    "total_lines":255,
    "code_lines":0,
    "size_bytes":8392,
    "depth":1,
    "directory":"cm",
    "internal_links":6,
    "external_links":2
  },
  {
    "filename":"wf_gcp_ontap_create_quote.adoc",
    "extension":".adoc",
    "num_words":569,
    "h1_count":1,
    "h2_count":2,
    "h3_count":8,
    "links":2,
    "total_lines":152,
    "code_lines":0,
    "size_bytes":5220,
    "depth":1,
    "directory":"cm",
    "internal_links":2,
    "external_links":0
  },
  {
    "filename":"wf_gcp_ontap_create_vol_cifs.adoc",
    "extension":".adoc",
    "num_words":940,
    "h1_count":1,
    "h2_count":2,
    "h3_count":12,
    "links":2,
    "total_lines":206,
    "code_lines":0,
    "size_bytes":8266,
    "depth":1,
    "directory":"cm",
    "internal_links":2,
    "external_links":0
  },
  {
    "filename":"wf_gcp_ontap_create_vol_iscsi.adoc",
    "extension":".adoc",
    "num_words":1602,
    "h1_count":1,
    "h2_count":2,
    "h3_count":4,
    "links":6,
    "total_lines":384,
    "code_lines":0,
    "size_bytes":14192,
    "depth":1,
    "directory":"cm",
    "internal_links":6,
    "external_links":0
  },
  {
    "filename":"wf_gcp_ontap_create_vol_nfs.adoc",
    "extension":".adoc",
    "num_words":931,
    "h1_count":1,
    "h2_count":2,
    "h3_count":14,
    "links":2,
    "total_lines":230,
    "code_lines":0,
    "size_bytes":8729,
    "depth":1,
    "directory":"cm",
    "internal_links":2,
    "external_links":0
  },
  {
    "filename":"wf_gcp_ontap_delete_aggr.adoc",
    "extension":".adoc",
    "num_words":310,
    "h1_count":1,
    "h2_count":2,
    "h3_count":6,
    "links":2,
    "total_lines":93,
    "code_lines":0,
    "size_bytes":3112,
    "depth":1,
    "directory":"cm",
    "internal_links":2,
    "external_links":0
  },
  {
    "filename":"wf_gcp_ontap_delete_cifs.adoc",
    "extension":".adoc",
    "num_words":309,
    "h1_count":1,
    "h2_count":2,
    "h3_count":4,
    "links":2,
    "total_lines":97,
    "code_lines":0,
    "size_bytes":3045,
    "depth":1,
    "directory":"cm",
    "internal_links":2,
    "external_links":0
  },
  {
    "filename":"wf_gcp_ontap_delete_volume.adoc",
    "extension":".adoc",
    "num_words":311,
    "h1_count":1,
    "h2_count":2,
    "h3_count":6,
    "links":2,
    "total_lines":99,
    "code_lines":0,
    "size_bytes":3131,
    "depth":1,
    "directory":"cm",
    "internal_links":2,
    "external_links":0
  },
  {
    "filename":"wf_gcp_ontap_get_aggrs.adoc",
    "extension":".adoc",
    "num_words":765,
    "h1_count":1,
    "h2_count":2,
    "h3_count":4,
    "links":2,
    "total_lines":322,
    "code_lines":0,
    "size_bytes":10099,
    "depth":1,
    "directory":"cm",
    "internal_links":2,
    "external_links":0
  },
  {
    "filename":"wf_gcp_ontap_get_cifs.adoc",
    "extension":".adoc",
    "num_words":365,
    "h1_count":1,
    "h2_count":2,
    "h3_count":4,
    "links":2,
    "total_lines":113,
    "code_lines":0,
    "size_bytes":3671,
    "depth":1,
    "directory":"cm",
    "internal_links":2,
    "external_links":0
  },
  {
    "filename":"wf_gcp_ontap_get_igroups.adoc",
    "extension":".adoc",
    "num_words":392,
    "h1_count":1,
    "h2_count":2,
    "h3_count":4,
    "links":2,
    "total_lines":129,
    "code_lines":0,
    "size_bytes":4016,
    "depth":1,
    "directory":"cm",
    "internal_links":2,
    "external_links":0
  },
  {
    "filename":"wf_gcp_ontap_get_volumes.adoc",
    "extension":".adoc",
    "num_words":588,
    "h1_count":1,
    "h2_count":2,
    "h3_count":4,
    "links":2,
    "total_lines":253,
    "code_lines":0,
    "size_bytes":7814,
    "depth":1,
    "directory":"cm",
    "internal_links":2,
    "external_links":0
  },
  {
    "filename":"wf_gcp_ontap_modify_volume.adoc",
    "extension":".adoc",
    "num_words":620,
    "h1_count":1,
    "h2_count":2,
    "h3_count":6,
    "links":2,
    "total_lines":205,
    "code_lines":0,
    "size_bytes":5647,
    "depth":1,
    "directory":"cm",
    "internal_links":2,
    "external_links":0
  },
  {
    "filename":"wf_onprem_before.adoc",
    "extension":".adoc",
    "num_words":192,
    "h1_count":1,
    "h2_count":2,
    "h3_count":0,
    "links":1,
    "total_lines":37,
    "code_lines":0,
    "size_bytes":1522,
    "depth":1,
    "directory":"cm",
    "internal_links":0,
    "external_links":1
  },
  {
    "filename":"wf_onprem_discover_wes.adoc",
    "extension":".adoc",
    "num_words":201,
    "h1_count":1,
    "h2_count":0,
    "h3_count":0,
    "links":0,
    "total_lines":87,
    "code_lines":1,
    "size_bytes":2166,
    "depth":1,
    "directory":"cm",
    "internal_links":0,
    "external_links":0
  },
  {
    "filename":"wf_onprem_flexgroup_ontap_create_vol.adoc",
    "extension":".adoc",
    "num_words":626,
    "h1_count":1,
    "h2_count":5,
    "h3_count":0,
    "links":0,
    "total_lines":149,
    "code_lines":0,
    "size_bytes":5073,
    "depth":1,
    "directory":"cm",
    "internal_links":0,
    "external_links":0
  },
  {
    "filename":"wf_onprem_get_wes.adoc",
    "extension":".adoc",
    "num_words":197,
    "h1_count":1,
    "h2_count":0,
    "h3_count":0,
    "links":0,
    "total_lines":73,
    "code_lines":1,
    "size_bytes":2005,
    "depth":1,
    "directory":"cm",
    "internal_links":0,
    "external_links":0
  },
  {
    "filename":"wf_onprem_ontap_create_vol_cifs.adoc",
    "extension":".adoc",
    "num_words":414,
    "h1_count":1,
    "h2_count":5,
    "h3_count":0,
    "links":0,
    "total_lines":121,
    "code_lines":0,
    "size_bytes":3589,
    "depth":1,
    "directory":"cm",
    "internal_links":0,
    "external_links":0
  },
  {
    "filename":"wf_onprem_ontap_create_vol_iscsi.adoc",
    "extension":".adoc",
    "num_words":775,
    "h1_count":1,
    "h2_count":2,
    "h3_count":9,
    "links":2,
    "total_lines":219,
    "code_lines":0,
    "size_bytes":6524,
    "depth":1,
    "directory":"cm",
    "internal_links":2,
    "external_links":0
  },
  {
    "filename":"wf_onprem_ontap_create_vol_nfs.adoc",
    "extension":".adoc",
    "num_words":429,
    "h1_count":1,
    "h2_count":5,
    "h3_count":0,
    "links":0,
    "total_lines":128,
    "code_lines":0,
    "size_bytes":3751,
    "depth":1,
    "directory":"cm",
    "internal_links":0,
    "external_links":0
  },
  {
    "filename":"wf_onprem_ontap_delete_volume.adoc",
    "extension":".adoc",
    "num_words":208,
    "h1_count":1,
    "h2_count":3,
    "h3_count":0,
    "links":0,
    "total_lines":70,
    "code_lines":0,
    "size_bytes":1889,
    "depth":1,
    "directory":"cm",
    "internal_links":0,
    "external_links":0
  },
  {
    "filename":"wf_onprem_ontap_get_aggrs.adoc",
    "extension":".adoc",
    "num_words":272,
    "h1_count":1,
    "h2_count":2,
    "h3_count":0,
    "links":0,
    "total_lines":114,
    "code_lines":1,
    "size_bytes":2726,
    "depth":1,
    "directory":"cm",
    "internal_links":0,
    "external_links":0
  },
  {
    "filename":"wf_onprem_ontap_get_cifs.adoc",
    "extension":".adoc",
    "num_words":228,
    "h1_count":1,
    "h2_count":2,
    "h3_count":0,
    "links":0,
    "total_lines":80,
    "code_lines":1,
    "size_bytes":2186,
    "depth":1,
    "directory":"cm",
    "internal_links":0,
    "external_links":0
  },
  {
    "filename":"wf_onprem_ontap_get_volumes.adoc",
    "extension":".adoc",
    "num_words":351,
    "h1_count":1,
    "h2_count":2,
    "h3_count":0,
    "links":0,
    "total_lines":164,
    "code_lines":1,
    "size_bytes":4099,
    "depth":1,
    "directory":"cm",
    "internal_links":0,
    "external_links":0
  },
  {
    "filename":"wf_onprem_ontap_modify_volume.adoc",
    "extension":".adoc",
    "num_words":225,
    "h1_count":1,
    "h2_count":3,
    "h3_count":0,
    "links":0,
    "total_lines":89,
    "code_lines":0,
    "size_bytes":2099,
    "depth":1,
    "directory":"cm",
    "internal_links":0,
    "external_links":0
  },
  {
    "filename":"workflow_processes.adoc",
    "extension":".adoc",
    "num_words":1168,
    "h1_count":1,
    "h2_count":3,
    "h3_count":2,
    "links":0,
    "total_lines":144,
    "code_lines":0,
    "size_bytes":8074,
    "depth":1,
    "directory":"cm",
    "internal_links":0,
    "external_links":0
  },
  {
    "filename":"your_api_call.adoc",
    "extension":".adoc",
    "num_words":244,
    "h1_count":1,
    "h2_count":2,
    "h3_count":0,
    "links":0,
    "total_lines":73,
    "code_lines":1,
    "size_bytes":2149,
    "depth":1,
    "directory":"cm",
    "internal_links":0,
    "external_links":0
  },
  {
    "filename":"copysync-x-doc.json",
    "extension":".json",
    "num_words":2114,
    "h1_count":0,
    "h2_count":0,
    "h3_count":0,
    "links":0,
    "total_lines":992,
    "code_lines":1,
    "size_bytes":31033,
    "depth":1,
    "directory":"copysync",
    "internal_links":0,
    "external_links":0
  },
  {
    "filename":"copysync.json",
    "extension":".json",
    "num_words":38403,
    "h1_count":0,
    "h2_count":0,
    "h3_count":0,
    "links":0,
    "total_lines":17760,
    "code_lines":1,
    "size_bytes":726306,
    "depth":1,
    "directory":"copysync",
    "internal_links":0,
    "external_links":0
  },
  {
    "filename":"sidebar.yml",
    "extension":".yml",
    "num_words":10,
    "h1_count":0,
    "h2_count":0,
    "h3_count":0,
    "links":0,
    "total_lines":5,
    "code_lines":1,
    "size_bytes":105,
    "depth":1,
    "directory":"copysync",
    "internal_links":0,
    "external_links":0
  },
  {
    "filename":"credential-x-doc.json",
    "extension":".json",
    "num_words":262,
    "h1_count":0,
    "h2_count":0,
    "h3_count":0,
    "links":0,
    "total_lines":135,
    "code_lines":1,
    "size_bytes":3855,
    "depth":1,
    "directory":"credential",
    "internal_links":0,
    "external_links":0
  },
  {
    "filename":"credential.json",
    "extension":".json",
    "num_words":2788,
    "h1_count":0,
    "h2_count":0,
    "h3_count":0,
    "links":0,
    "total_lines":1078,
    "code_lines":1,
    "size_bytes":36391,
    "depth":1,
    "directory":"credential",
    "internal_links":0,
    "external_links":0
  },
  {
    "filename":"sidebar.yml",
    "extension":".yml",
    "num_words":8,
    "h1_count":0,
    "h2_count":0,
    "h3_count":0,
    "links":0,
    "total_lines":5,
    "code_lines":1,
    "size_bytes":107,
    "depth":1,
    "directory":"credential",
    "internal_links":0,
    "external_links":0
  },
  {
    "filename":"dw-x-doc.json",
    "extension":".json",
    "num_words":441,
    "h1_count":0,
    "h2_count":0,
    "h3_count":0,
    "links":0,
    "total_lines":214,
    "code_lines":1,
    "size_bytes":6614,
    "depth":1,
    "directory":"dw",
    "internal_links":0,
    "external_links":0
  },
  {
    "filename":"dw.json",
    "extension":".json",
    "num_words":7205,
    "h1_count":0,
    "h2_count":0,
    "h3_count":0,
    "links":0,
    "total_lines":2722,
    "code_lines":1,
    "size_bytes":102233,
    "depth":1,
    "directory":"dw",
    "internal_links":0,
    "external_links":0
  },
  {
    "filename":"sidebar.yml",
    "extension":".yml",
    "num_words":9,
    "h1_count":0,
    "h2_count":0,
    "h3_count":0,
    "links":0,
    "total_lines":5,
    "code_lines":1,
    "size_bytes":94,
    "depth":1,
    "directory":"dw",
    "internal_links":0,
    "external_links":0
  },
  {
    "filename":"fsx-x-doc.json",
    "extension":".json",
    "num_words":365,
    "h1_count":0,
    "h2_count":0,
    "h3_count":0,
    "links":0,
    "total_lines":177,
    "code_lines":1,
    "size_bytes":5237,
    "depth":1,
    "directory":"fsx",
    "internal_links":0,
    "external_links":0
  },
  {
    "filename":"fsx.json",
    "extension":".json",
    "num_words":3646,
    "h1_count":0,
    "h2_count":0,
    "h3_count":0,
    "links":0,
    "total_lines":1752,
    "code_lines":1,
    "size_bytes":51706,
    "depth":1,
    "directory":"fsx",
    "internal_links":0,
    "external_links":0
  },
  {
    "filename":"sidebar.yml",
    "extension":".yml",
    "num_words":12,
    "h1_count":0,
    "h2_count":0,
    "h3_count":0,
    "links":0,
    "total_lines":5,
    "code_lines":1,
    "size_bytes":109,
    "depth":1,
    "directory":"fsx",
    "internal_links":0,
    "external_links":0
  },
  {
    "filename":"ipa-x-doc.json",
    "extension":".json",
    "num_words":608,
    "h1_count":0,
    "h2_count":0,
    "h3_count":0,
    "links":0,
    "total_lines":300,
    "code_lines":1,
    "size_bytes":8802,
    "depth":1,
    "directory":"ipa",
    "internal_links":0,
    "external_links":0
  },
  {
    "filename":"ipa.json",
    "extension":".json",
    "num_words":5679,
    "h1_count":0,
    "h2_count":0,
    "h3_count":0,
    "links":0,
    "total_lines":2498,
    "code_lines":1,
    "size_bytes":82837,
    "depth":1,
    "directory":"ipa",
    "internal_links":0,
    "external_links":0
  },
  {
    "filename":"sidebar.yml",
    "extension":".yml",
    "num_words":8,
    "h1_count":0,
    "h2_count":0,
    "h3_count":0,
    "links":0,
    "total_lines":5,
    "code_lines":1,
    "size_bytes":85,
    "depth":1,
    "directory":"ipa",
    "internal_links":0,
    "external_links":0
  },
  {
    "filename":"aa_concepts.adoc",
    "extension":".adoc",
    "num_words":595,
    "h1_count":1,
    "h2_count":8,
    "h3_count":0,
    "links":0,
    "total_lines":63,
    "code_lines":0,
    "size_bytes":4034,
    "depth":1,
    "directory":"platform",
    "internal_links":0,
    "external_links":0
  },
  {
    "filename":"additional_considerations.adoc",
    "extension":".adoc",
    "num_words":256,
    "h1_count":1,
    "h2_count":2,
    "h3_count":0,
    "links":0,
    "total_lines":39,
    "code_lines":0,
    "size_bytes":1841,
    "depth":1,
    "directory":"platform",
    "internal_links":0,
    "external_links":0
  },
  {
    "filename":"api_explorer.adoc",
    "extension":".adoc",
    "num_words":502,
    "h1_count":1,
    "h2_count":2,
    "h3_count":0,
    "links":3,
    "total_lines":76,
    "code_lines":0,
    "size_bytes":3624,
    "depth":1,
    "directory":"platform",
    "internal_links":0,
    "external_links":3
  },
  {
    "filename":"concepts.adoc",
    "extension":".adoc",
    "num_words":361,
    "h1_count":1,
    "h2_count":3,
    "h3_count":0,
    "links":0,
    "total_lines":60,
    "code_lines":0,
    "size_bytes":2562,
    "depth":1,
    "directory":"platform",
    "internal_links":0,
    "external_links":0
  },
  {
    "filename":"connectors_clients.adoc",
    "extension":".adoc",
    "num_words":275,
    "h1_count":1,
    "h2_count":2,
    "h3_count":0,
    "links":0,
    "total_lines":44,
    "code_lines":1,
    "size_bytes":1885,
    "depth":1,
    "directory":"platform",
    "internal_links":0,
    "external_links":0
  },
  {
    "filename":"create_service_token.adoc",
    "extension":".adoc",
    "num_words":227,
    "h1_count":1,
    "h2_count":0,
    "h3_count":1,
    "links":0,
    "total_lines":71,
    "code_lines":0,
    "size_bytes":2004,
    "depth":1,
    "directory":"platform",
    "internal_links":0,
    "external_links":0
  },
  {
    "filename":"create_user_token.adoc",
    "extension":".adoc",
    "num_words":529,
    "h1_count":1,
    "h2_count":2,
    "h3_count":3,
    "links":0,
    "total_lines":132,
    "code_lines":0,
    "size_bytes":4542,
    "depth":1,
    "directory":"platform",
    "internal_links":0,
    "external_links":0
  },
  {
    "filename":"get_identifiers.adoc",
    "extension":".adoc",
    "num_words":408,
    "h1_count":1,
    "h2_count":2,
    "h3_count":0,
    "links":4,
    "total_lines":79,
    "code_lines":0,
    "size_bytes":3047,
    "depth":1,
    "directory":"platform",
    "internal_links":0,
    "external_links":4
  },
  {
    "filename":"get_nss_key.adoc",
    "extension":".adoc",
    "num_words":304,
    "h1_count":1,
    "h2_count":0,
    "h3_count":0,
    "links":1,
    "total_lines":48,
    "code_lines":0,
    "size_bytes":2111,
    "depth":1,
    "directory":"platform",
    "internal_links":0,
    "external_links":1
  },
  {
    "filename":"grant_types.adoc",
    "extension":".adoc",
    "num_words":523,
    "h1_count":1,
    "h2_count":3,
    "h3_count":0,
    "links":0,
    "total_lines":113,
    "code_lines":0,
    "size_bytes":4499,
    "depth":1,
    "directory":"platform",
    "internal_links":0,
    "external_links":0
  },
  {
    "filename":"http_details.adoc",
    "extension":".adoc",
    "num_words":529,
    "h1_count":1,
    "h2_count":2,
    "h3_count":4,
    "links":0,
    "total_lines":120,
    "code_lines":0,
    "size_bytes":3802,
    "depth":1,
    "directory":"platform",
    "internal_links":0,
    "external_links":0
  },
  {
    "filename":"overview.adoc",
    "extension":".adoc",
    "num_words":223,
    "h1_count":1,
    "h2_count":0,
    "h3_count":0,
    "links":0,
    "total_lines":31,
    "code_lines":0,
    "size_bytes":1554,
    "depth":1,
    "directory":"platform",
    "internal_links":0,
    "external_links":0
  },
  {
    "filename":"register_service.adoc",
    "extension":".adoc",
    "num_words":183,
    "h1_count":1,
    "h2_count":0,
    "h3_count":0,
    "links":1,
    "total_lines":42,
    "code_lines":0,
    "size_bytes":1324,
    "depth":1,
    "directory":"platform",
    "internal_links":0,
    "external_links":1
  },
  {
    "filename":"sidebar.yml",
    "extension":".yml",
    "num_words":96,
    "h1_count":0,
    "h2_count":0,
    "h3_count":0,
    "links":0,
    "total_lines":31,
    "code_lines":1,
    "size_bytes":976,
    "depth":1,
    "directory":"platform",
    "internal_links":0,
    "external_links":0
  },
  {
    "filename":"user_access_tokens.adoc",
    "extension":".adoc",
    "num_words":415,
    "h1_count":1,
    "h2_count":2,
    "h3_count":0,
    "links":0,
    "total_lines":110,
    "code_lines":4,
    "size_bytes":4623,
    "depth":1,
    "directory":"platform",
    "internal_links":0,
    "external_links":0
  },
  {
    "filename":"use_rest_apis.adoc",
    "extension":".adoc",
    "num_words":555,
    "h1_count":1,
    "h2_count":4,
    "h3_count":4,
    "links":0,
    "total_lines":79,
    "code_lines":0,
    "size_bytes":3936,
    "depth":1,
    "directory":"platform",
    "internal_links":0,
    "external_links":0
  },
  {
    "filename":"workflows_tasks.adoc",
    "extension":".adoc",
    "num_words":695,
    "h1_count":1,
    "h2_count":5,
    "h3_count":0,
    "links":0,
    "total_lines":88,
    "code_lines":0,
    "size_bytes":4727,
    "depth":1,
    "directory":"platform",
    "internal_links":0,
    "external_links":0
  },
  {
    "filename":"additional_resources.adoc",
    "extension":".adoc",
    "num_words":188,
    "h1_count":1,
    "h2_count":3,
    "h3_count":0,
    "links":0,
    "total_lines":50,
    "code_lines":0,
    "size_bytes":1653,
    "depth":1,
    "directory":"support",
    "internal_links":0,
    "external_links":0
  },
  {
    "filename":"sidebar.yml",
    "extension":".yml",
    "num_words":15,
    "h1_count":0,
    "h2_count":0,
    "h3_count":0,
    "links":0,
    "total_lines":7,
    "code_lines":1,
    "size_bytes":176,
    "depth":1,
    "directory":"support",
    "internal_links":0,
    "external_links":0
  },
  {
    "filename":"sidebar.yml",
    "extension":".yml",
    "num_words":9,
    "h1_count":0,
    "h2_count":0,
    "h3_count":0,
    "links":0,
    "total_lines":5,
    "code_lines":1,
    "size_bytes":108,
    "depth":1,
    "directory":"tenancy",
    "internal_links":0,
    "external_links":0
  },
  {
    "filename":"tenancy-x-doc.json",
    "extension":".json",
    "num_words":1019,
    "h1_count":0,
    "h2_count":0,
    "h3_count":0,
    "links":0,
    "total_lines":513,
    "code_lines":1,
    "size_bytes":15628,
    "depth":1,
    "directory":"tenancy",
    "internal_links":0,
    "external_links":0
  },
  {
    "filename":"tenancy.json",
    "extension":".json",
    "num_words":8493,
    "h1_count":0,
    "h2_count":0,
    "h3_count":0,
    "links":0,
    "total_lines":3423,
    "code_lines":1,
    "size_bytes":116676,
    "depth":1,
    "directory":"tenancy",
    "internal_links":0,
    "external_links":0
  },
  {
    "filename":"sidebar.yml",
    "extension":".yml",
    "num_words":12,
    "h1_count":0,
    "h2_count":0,
    "h3_count":0,
    "links":0,
    "total_lines":5,
    "code_lines":1,
    "size_bytes":130,
    "depth":1,
    "directory":"tenancyv4",
    "internal_links":0,
    "external_links":0
  },
  {
    "filename":"tenancyv4-x-doc.yml",
    "extension":".yml",
    "num_words":3649,
    "h1_count":0,
    "h2_count":0,
    "h3_count":0,
    "links":0,
    "total_lines":1517,
    "code_lines":1,
    "size_bytes":46085,
    "depth":1,
    "directory":"tenancyv4",
    "internal_links":0,
    "external_links":0
  },
  {
    "filename":"tenancyv4.yaml",
    "extension":".yaml",
    "num_words":32293,
    "h1_count":0,
    "h2_count":0,
    "h3_count":0,
    "links":0,
    "total_lines":12398,
    "code_lines":1,
    "size_bytes":429700,
    "depth":1,
    "directory":"tenancyv4",
    "internal_links":0,
    "external_links":0
  },
  {
    "filename":"sidebar.yml",
    "extension":".yml",
    "num_words":46,
    "h1_count":0,
    "h2_count":0,
    "h3_count":0,
    "links":0,
    "total_lines":15,
    "code_lines":1,
    "size_bytes":467,
    "depth":1,
    "directory":"workflows",
    "internal_links":0,
    "external_links":0
  }
]